length	point A	point B	point C	B slope	A-B line last	B-C line last	Avg line slope	Ratio
40	b	c	b	y = 465.3145371720023x	y = 561.4525x + -301.3202	y = 505.59765x + -275.1722	533.5250755248009	1.1465901726762187
40	g	b	c	y = 452.5152449231045x	y = 323.85866x + -197.81484	y = 561.4525x + -301.3202	442.6555783578023	0.978211415690586
40	i	k	j	y = 451.3094216825134x	y = 527.09911x + -271.33318	y = 439.63281x + -247.03029	483.3659630795496	1.0710300735081646
40	k	i	j	y = 452.0862882701679x	y = 459.84546x + -254.25048	y = 617.44157x + -338.50901	538.6435172289224	1.1914617434869594
