length	point A	point B	point C	B slope	A-B line 1	A-B line 2	A-B line 3	A-B line 1	A-B line 2	A-B line 3
40	b	c	b	y = 465.3145371720023x	y = -2201.34974x + 1063.27788	y = 0.0x + 0.0	y = 586.86637x + -346.45524	y = -2101.33978x + 1029.29129	y = 0.0x + 0.0	y = 528.97035x + -316.6821
40	g	b	c	y = 452.5152449231045x	y = -2117.08866x + 1163.81757	y = 0.0x + 0.0	y = 335.22659x + -225.23428	y = -2201.34974x + 1063.27788	y = 0.0x + 0.0	y = 586.86637x + -346.45524
40	i	k	j	y = 451.3094216825134x	y = -1929.42829x + 893.88523	y = 0.0x + 0.0	y = 576.45428x + -326.41354	y = -1935.6554x + 978.8827	y = 0.0x + 0.0	y = 460.74816x + -284.78453
40	k	i	j	y = 452.0862882701679x	y = -1627.22711x + 809.73063	y = 0.0x + 0.0	y = 509.91395x + -310.12692	y = -1397.77413x + 689.68991	y = 0.0x + 0.0	y = 646.0094x + -389.58829
