{
  "input_cycle_time": 7,
  "result_cycle_time": 6.636001797783635,
  "robots": [
    {
      "id": "r_01",
      "activities": [
        {
          "id": "da_01",
          "start_time": 0.0,
          "duration": 2.3180008988918175,
          "end_time": 2.3180008988918175,
          "energy": 4.292609786120201
        },
        {
          "id": "sa_02",
          "start_time": 2.3180008988918175,
          "duration": 2.0,
          "end_time": 4.3180008988918175,
          "energy": 2.0
        },
        {
          "id": "da_03",
          "start_time": 4.3180008988918175,
          "duration": 2.3180008988918175,
          "end_time": 6.636001797783635,
          "energy": 4.292609786120201
        }
      ]
    }
  ]
}